Type,nombreAjouts,Valeurs
ArrayList,100 , 0.049432
ArrayList,1000 , 0.414111
ArrayList,10000 , 3.628738
ArrayList,100000 , 35.433171
LinkedList,100 , 258.014804
LinkedList,1000 , 2343.578121
LinkedList,10000 , 23598.294852
LinkedList,100000 , 231941.149918
Array,100 , 0.077424
Array,1000 , 0.613722
Array,10000 , 2.488593
Array,100000 , 23.286274
