Type,nb_add,Time
ArrayList,100 , 0.054753
ArrayList,1000 , 0.532532
ArrayList,10000 , 4.991086
ArrayList,100000 , 47.655861
LinkedList,100 , 86.196178
LinkedList,1000 , 967.586669
LinkedList,10000 , 9234.741008
LinkedList,100000 , 95845.175842
Array,100 , 0.0638
Array,1000 , 0.587746
Array,10000 , 2.865809
Array,100000 , 22.196325
